{
    "variables": {
        "droughtVulnerabilityMin": 0,
        "droughtVulnerabilityMax": 5
    },
    "color": [
        "case",
        [
            ">",
            [
                "band",
                2
            ],
            0
        ],
        [
            "interpolate",
            [
                "linear"
            ],
            [
                "band",
                1
            ],
            0,
            [
                68,
                1,
                84,
                1
            ],
            0.16129032258064516,
            [
                69,
                12,
                94,
                1
            ],
            0.3225806451612903,
            [
                70,
                23,
                103,
                1
            ],
            0.4838709677419355,
            [
                70,
                33,
                113,
                1
            ],
            0.6451612903225806,
            [
                71,
                44,
                122,
                1
            ],
            0.8064516129032258,
            [
                68,
                53,
                126,
                1
            ],
            0.967741935483871,
            [
                65,
                63,
                131,
                1
            ],
            1.129032258064516,
            [
                62,
                72,
                135,
                1
            ],
            1.2903225806451613,
            [
                59,
                81,
                139,
                1
            ],
            1.4516129032258065,
            [
                55,
                89,
                140,
                1
            ],
            1.6129032258064515,
            [
                52,
                97,
                141,
                1
            ],
            1.7741935483870968,
            [
                48,
                105,
                141,
                1
            ],
            1.935483870967742,
            [
                44,
                113,
                142,
                1
            ],
            2.096774193548387,
            [
                41,
                121,
                142,
                1
            ],
            2.258064516129032,
            [
                39,
                129,
                142,
                1
            ],
            2.4193548387096775,
            [
                36,
                136,
                141,
                1
            ],
            2.5806451612903225,
            [
                33,
                144,
                141,
                1
            ],
            2.7419354838709675,
            [
                35,
                151,
                138,
                1
            ],
            2.903225806451613,
            [
                36,
                159,
                135,
                1
            ],
            3.064516129032258,
            [
                38,
                166,
                132,
                1
            ],
            3.225806451612903,
            [
                39,
                173,
                129,
                1
            ],
            3.3870967741935485,
            [
                57,
                182,
                119,
                1
            ],
            3.5483870967741935,
            [
                74,
                191,
                109,
                1
            ],
            3.7096774193548385,
            [
                92,
                200,
                99,
                1
            ],
            3.870967741935484,
            [
                112,
                205,
                87,
                1
            ],
            4.032258064516129,
            [
                131,
                210,
                75,
                1
            ],
            4.193548387096774,
            [
                151,
                215,
                62,
                1
            ],
            4.354838709677419,
            [
                170,
                220,
                50,
                1
            ],
            4.516129032258064,
            [
                191,
                223,
                47,
                1
            ],
            4.67741935483871,
            [
                212,
                226,
                44,
                1
            ],
            4.838709677419355,
            [
                232,
                228,
                40,
                1
            ],
            5,
            [
                253,
                231,
                37,
                1
            ]
        ],
        [
            "color",
            0,
            0,
            0,
            0
        ]
    ]
}